,query,subreddit,type,author,content,date,upvotes,len_text
0,GLP1,main,retweet,4644702447, @DrAngelaFitch @BCBSTX @ConscienHealth @ObesityAction Demonizing #GLP1 agonists which represent the greatest breakthrough‚Ä¶,2023-07-28 07:19:21,0.0,12
1,GLP1,main,retweet,365705638, @DrAngelaFitch @BCBSTX @ConscienHealth @ObesityAction Demonizing #GLP1 agonists which represent the greatest breakthrough‚Ä¶,2023-07-28 04:12:32,0.0,12
2,GLP1,main,retweet,708042574280392704," üôä #405 Obesity Medicine, GLP1 agonists, Weight Loss Management Tools and Tips  Hone your obesity medicine skills in prim‚Ä¶",2023-07-28 03:10:25,0.0,19
3,GLP1,main,original,559472452,@B_Holmer These are lean active people. Low BG and not insulin resistant. I can't even think of a mechanism outside of fat loss or BG control. Trying to think outside the box tho. What other potential effects of increased GLP1 signaling? Maybe IL-6 or collagen synthesis or something ü§∑‚Äç‚ôÇÔ∏è,2023-07-28 00:47:31,1.0,49
4,GLP1,main,original,1009050686280032257,"@DivaBiotech @Mahek_MD @DaveSekowski @MarioATX_MD @rkomatireddy @DrDeepMD @rikrenard @killa_kwinn @_AzizaIsmail @sidneyhaitoff HLTH-GLP1, the Slimmed Down Healthcare Conference.  May cause vomiting.",2023-07-28 00:36:49,5.0,19
5,GLP1,main,retweet,550110661, @DrAngelaFitch @BCBSTX @ConscienHealth @ObesityAction Demonizing #GLP1 agonists which represent the greatest breakthrough‚Ä¶,2023-07-28 00:14:56,0.0,12
6,GLP1,main,retweet,14152596, According to internal data from FOUND @DrRekhaKumar: --69% do not have GLP1 coverage for diabetes or obesity --50% dec‚Ä¶,2023-07-27 21:50:39,0.0,19
7,GLP1,main,retweet,862337270074011651," Dr. Jeffrey #Testani reviews the benefits of newer medication classes - #SGLT2 inhibitors, #GLP1 receptor agonists, &amp; non-stero‚Ä¶",2023-07-27 21:43:36,0.0,18
8,GLP1,main,original,1675916831813451776,"@iowajustin @DrNadolsky Nope, no I don‚Äôt. But with 47% of people off glp1 therapy within 12 mos, I think it‚Äôs clear that won‚Äôt work for a lot of people either long term. One thing I think we agree on is the obesity epidemic is complicated and requires more focus.",2023-07-27 20:59:38,0.0,49
9,GLP1,main,retweet,830967813787496448, My Position On GLP-1 Agonist Drugs For Weight Loss... ü§î  What's the bottom line on these drugs for weight loss? Who will get‚Ä¶,2023-07-27 20:37:31,0.0,23
